Alexa,Bazley,abazley0,abazley0@ted.com,6hCOQlsgee5tRhona,Simnell,rsimnell1,rsimnell1@ustream.tv,AbmMpiC8Carina,Pucknell,cpucknell2,cpucknell2@wired.com,LSSAE3iPvbKristoffer,Bernasek,kbernasek3,kbernasek3@pagesperso-orange.fr,vJa6CGYzFiSofie,Maraga,smaraga4,smaraga4@miitbeian.gov.cn,1EQ77vCara,Bordman,cbordman5,cbordman5@narod.ru,C3c3vd7XNnmgTerry,Scholcroft,tscholcroft6,tscholcroft6@yelp.com,RID9hYE1aJoete,Morling,jmorling7,jmorling7@aboutads.info,cmxXWqj1dd6Fionnula,Douglass,fdouglass8,fdouglass8@nsw.gov.au,aWBpbY0hDawYolande,Dirkin,ydirkin9,ydirkin9@blogger.com,JYBj55ON5C3Jacquette,Faraday,jfaradaya,jfaradaya@freewebs.com,mLn7wu30mFkDGermayne,Tattershaw,gtattershawb,gtattershawb@un.org,qJXCOUK7q0X0Hyacinth,Backshall,hbackshallc,hbackshallc@mozilla.org,vsJI9p94toRhGinni,Hugonneau,ghugonneaud,ghugonneaud@kickstarter.com,fvbbOGCWXAdolphus,Kohnen,akohnene,akohnene@simplemachines.org,UzQAnuqSandor,Wybourne,swybournef,swybournef@usatoday.com,IKFFN8Chester,Vondruska,cvondruskag,cvondruskag@facebook.com,N4L9NuHS0Eveline,Dael,edaelh,edaelh@multiply.com,q8E1sSuLetisha,Marcus,lmarcusi,lmarcusi@ft.com,0cUF0p6ZeMlVittorio,Mullaney,vmullaneyj,vmullaneyj@cbc.ca,r8O84W5HHester,Tidbold,htidboldk,htidboldk@reverbnation.com,TgmRIZWElly,Western,ewesternl,ewesternl@123-reg.co.uk,d3292BFQiNChan,Bozward,cbozwardm,cbozwardm@cornell.edu,folSjCe8u25uAlyssa,Drew-Clifton,adrewcliftonn,adrewcliftonn@go.com,2D7Vk5JgNNJaymie,Reinisch,jreinischo,jreinischo@marriott.com,FcRbuu0Jarrad,Duffell,jduffellp,jduffellp@psu.edu,hZ0iEgIwPOAliza,Allain,aallainq,aallainq@miitbeian.gov.cn,mY1ifMV7qLek,Rizzardini,lrizzardinir,lrizzardinir@opera.com,pvKkNSC6nDodie,Cartin,dcartins,dcartins@yolasite.com,IQyzBu5TKameko,Reany,kreanyt,kreanyt@zimbio.com,SGXyGQiJQaLivvyy,Wisdom,lwisdomu,lwisdomu@cafepress.com,FSpg78SPaquito,MacLleese,pmaclleesev,pmaclleesev@discovery.com,bzpvcOZ6UMarty,Wadworth,mwadworthw,mwadworthw@squarespace.com,bPxbHmZocYOBCarl,Jost,cjostx,cjostx@addtoany.com,WbFI83kyAsAzRhett,Caulier,rcauliery,rcauliery@ca.gov,tZ38IRPammy,Carmo,pcarmoz,pcarmoz@mapquest.com,PJthKJQD4egDame,Smethurst,dsmethurst10,dsmethurst10@icq.com,o9QTvRCiTnjJessie,Ferrarone,jferrarone11,jferrarone11@tuttocitta.it,jignVvMaurie,Ferrar,mferrar12,mferrar12@huffingtonpost.com,VKerimGArvin,Thickpenny,athickpenny13,athickpenny13@yelp.com,jLMPmq7qWFChere,Parkeson,cparkeson14,cparkeson14@so-net.ne.jp,OAiKQP1Joy,Dudderidge,jdudderidge15,jdudderidge15@howstuffworks.com,7WSOCdC0QTEmmy,Laux,elaux16,elaux16@sciencedaily.com,nQnAbcDDGordan,MacCroary,gmaccroary17,gmaccroary17@imgur.com,le9pWX4FDebbi,De Brett,ddebrett18,ddebrett18@facebook.com,jW1CZGDonn,Petche,dpetche19,dpetche19@nba.com,MEqA19RvQBVQPercy,Timmons,ptimmons1a,ptimmons1a@gravatar.com,OjvvVLgcYA3Leicester,Flowith,lflowith1b,lflowith1b@shinystat.com,R1iCG2LVEbenezer,Vanezis,evanezis1c,evanezis1c@sourceforge.net,h42OvUZDebby,Clethro,dclethro1d,dclethro1d@blogger.com,iwGUrFYessenia,Chaiu Zhang,ychaiu,ychaiu@gmail.com,yessenia